Published,Slug,Title,Kind,DateStatus,Date,Time,EndTime,Timezone,Location,JoinUrl,SpeakerName,SpeakerAffiliation,SpeakerBio,SpeakerUrl,Audience,Description,LongDescription,RegistrationUrl,RecordingUrl,Capacity,ImageSrc,ImageAlt
yes,example-methods-webinar,EXAMPLE: Framing a research question you can actually answer,webinar,confirmed,2026-10-14,5:00 PM,6:00 PM,UTC,Online (Zoom),https://zoom.us/j/000000000,EXAMPLE NAME — replace or leave blank,EXAMPLE Affiliation,EXAMPLE BIO. Two or three sentences on what this person works on and why they are worth listening to. Leave blank until the person has agreed to appear.,https://example.edu/faculty/example,Research group leads and members,A working session on narrowing a broad interest into a question a small team can answer.,"A working session on narrowing a broad interest into a question a small team can answer with the access it actually has.

We work through scoping, feasibility, and how to tell when a question is too large. Bring a question you are stuck on.

Open to all research group leads and members.",https://forms.gle/example,,100 places,,
yes,example-analysis-clinic,EXAMPLE: Analysis clinic for groups mid-project,workshop,tbd,,,,,Online (Zoom),,,,,,Groups with data already collected,Bring a dataset and a question you cannot answer with it yet.,"An open clinic for groups that have collected data and are unsure what it supports.

Date to be announced.",,,,,
yes,example-sources-workshop,EXAMPLE: Reading and citing sources without drowning,workshop,confirmed,2025-11-11,5:00 PM,6:15 PM,UTC,Online (Zoom),,,,,,Research group leads and members,"How to judge whether a source holds up, and how to cite accurately.","How to judge whether a source holds up, how to cite accurately, and how to write about limitations honestly rather than hiding them.

Includes a walkthrough of a real literature review and where its argument is weakest.",,https://example.com/recording,,,
