Published,Slug,ProjectTitle,Field,Status,Setting,OneLine,LeadName,SchoolOrCommunityName,Location,MemberCount,Abstract,OutputType,Methods,Milestones,StartedAt,ReviewStatus,ImageSrc,ImageAlt,MemberApplicationUrl
yes,placeholder-transit-reliability,Placeholder: Bus Reliability and Late Arrivals in a Commuter Corridor,Social Sciences,Recruiting,school,Placeholder group testing whether published bus timetables match observed arrivals along one commuter corridor.,Placeholder Lead,Placeholder Secondary School,"Placeholder City, Placeholder Region",5,"PLACEHOLDER ABSTRACT. This group examines the gap between scheduled and observed arrival times on a single bus corridor that a large share of local students depend on.

Members collect timestamped arrival observations at fixed stops, then compare them against the operator's published schedule and open service data.

Findings are written up as a policy brief, with explicit discussion of sampling limits and the hours the data does not cover.",Policy brief,Structured field observation at fixed stops | Comparison against published timetable and open service data | Descriptive distribution analysis of delay,"Define corridor, stops, and observation windows | Pilot observation round | Complete primary data collection | Analysis and internal review | Draft policy brief and submit for review",2026-02-09,none,,,
yes,placeholder-market-vendor-costs,Placeholder: Input Costs and Pricing Among Open-Air Market Vendors,Economics & Business,Completed,community,Placeholder group interviewing market vendors about how rising input costs moved their prices over one year.,Placeholder Lead,Placeholder Market Association,"Placeholder District, Placeholder Region",4,"PLACEHOLDER ABSTRACT. This group interviewed vendors at a single open-air market about how changes in wholesale input costs translated into the prices they charged.

Interviews were summarized rather than recorded, at the vendors' request, and no vendor is identified by name.

The completed study describes delayed and partial pass-through. The group is direct about the limits: one market, one year, recalled figures rather than records.",Survey or interview study,Semi-structured vendor interviews with a fixed question set | Paired recall of price changes on staple items | Thematic coding of interview summaries,Market association approval and vendor outreach | Question set drafted and piloted | Interview round completed | Thematic analysis and write-up | Final study submitted for review,2025-03-10,in review,,,
